{
  "ResNet50_ZeroShot": {
    "no_rerank": {
      "recall": {
        "1": 37.230646448523544,
        "5": 63.32801276935355,
        "20": 85.6145251396648,
        "50": 95.13168395849961
      },
      "mAP": 2.8066451999958404
    },
    "rerank_sift": {
      "recall": {
        "1": 25.79808459696728,
        "5": 53.3120510774142,
        "20": 83.6392657621708,
        "50": 95.13168395849961
      },
      "mAP": 2.3611965194283506
    }
  },
  "ViTBase16_ZeroShot": {
    "no_rerank": {
      "recall": {
        "1": 43.09656823623304,
        "5": 68.39584996009577,
        "20": 87.58978451715882,
        "50": 95.5706304868316
      },
      "mAP": 3.636826073088286
    },
    "rerank_sift": {
      "recall": {
        "1": 28.272146847565843,
        "5": 57.16280925778132,
        "20": 85.27533918595371,
        "50": 95.5706304868316
      },
      "mAP": 3.006150010646915
    }
  }
}