{
  "DINOv2_ZeroShot": {
    "no_rerank": {
      "recall": {
        "1": 61.37270550678372,
        "5": 84.47725458898643,
        "20": 95.53072625698324,
        "50": 98.5634477254589
      },
      "mAP": 6.426492542152105
    },
    "rerank_sift": {
      "recall": {
        "1": 53.232242617717475,
        "5": 81.40462889066241,
        "20": 95.3511572226656,
        "50": 98.5634477254589
      },
      "mAP": 5.875454083902047
    }
  },
  "DINOv2_SupCon": {
    "no_rerank": {
      "recall": {
        "1": 78.33200319233839,
        "5": 93.29608938547486,
        "20": 97.16679968076616,
        "50": 98.46368715083798
      },
      "mAP": 27.0629217941127
    },
    "rerank_sift": {
      "recall": {
        "1": 77.21468475658419,
        "5": 93.77494014365523,
        "20": 97.48603351955308,
        "50": 98.46368715083798
      },
      "mAP": 26.623838043755217
    }
  },
  "MobileNetV2_ZeroShot": {
    "no_rerank": {
      "recall": {
        "1": 31.02553870710295,
        "5": 56.76376695929769,
        "20": 81.60415003990423,
        "50": 93.63527533918595
      },
      "mAP": 1.5016201930453568
    },
    "rerank_sift": {
      "recall": {
        "1": 38.76695929768555,
        "5": 63.72705506783719,
        "20": 84.71667996807662,
        "50": 93.63527533918595
      },
      "mAP": 1.6743971128641102
    }
  },
  "MobileNetV2_SupCon": {
    "no_rerank": {
      "recall": {
        "1": 24.62090981644054,
        "5": 51.45650438946529,
        "20": 75.99760574620909,
        "50": 89.14604948124502
      },
      "mAP": 3.1426349473670143
    },
    "rerank_sift": {
      "recall": {
        "1": 34.59696727853153,
        "5": 58.32003192338387,
        "20": 78.91061452513966,
        "50": 89.14604948124502
      },
      "mAP": 3.305200001029511
    }
  }
}