{
  "baseline_avg_inliers": 4.333333333333333,
  "dims": {
    "16": {
      "avg_inliers": 8.0,
      "retention_pct": 184.6153846153846,
      "float16_raw_mb": 74.04946899414062
    },
    "24": {
      "avg_inliers": 6.666666666666667,
      "retention_pct": 153.84615384615387,
      "float16_raw_mb": 111.07420349121094
    },
    "32": {
      "avg_inliers": 5.7,
      "retention_pct": 131.53846153846155,
      "float16_raw_mb": 148.09893798828125
    },
    "48": {
      "avg_inliers": 4.766666666666667,
      "retention_pct": 110.00000000000001,
      "float16_raw_mb": 222.14840698242188
    },
    "64": {
      "avg_inliers": 4.233333333333333,
      "retention_pct": 97.69230769230771,
      "float16_raw_mb": 296.1978759765625
    },
    "96": {
      "avg_inliers": 2.8333333333333335,
      "retention_pct": 65.3846153846154,
      "float16_raw_mb": 444.29681396484375
    },
    "128": {
      "avg_inliers": 1.8666666666666667,
      "retention_pct": 43.07692307692308,
      "float16_raw_mb": 592.395751953125
    }
  }
}