{
  "epoch": [
    1,
    2,
    3,
    4,
    5,
    6,
    7,
    8,
    9,
    10,
    11,
    12,
    13,
    14,
    15,
    16,
    17,
    18,
    19,
    20,
    21,
    22,
    23,
    24,
    25,
    26,
    27,
    28,
    29,
    30
  ],
  "train_loss": [
    3.5435566035183994,
    3.098069277676669,
    2.866709766965924,
    2.7342033313982412,
    2.6841616341561982,
    2.591522144548821,
    2.4724669456481934,
    2.4595535668459805,
    2.324482542095762,
    2.3595626643209746,
    2.310270995804758,
    2.205742308587739,
    2.206920193903374,
    2.1589364102392485,
    2.1361654129895298,
    2.1432328043561992,
    2.0989501945900195,
    2.091919815901554,
    2.1189670996232466,
    1.9321061119888767,
    2.044986919923262,
    1.9384848204526035,
    2.0520394318031543,
    2.0238992553768735,
    2.0287486603765776,
    1.9098923856561834,
    1.901784416401025,
    1.9388739665349324,
    1.8946218237732395,
    1.8810776941704028
  ],
  "val_loss": [
    3.0271466175715127,
    2.796694199244181,
    2.6067095200220742,
    2.558913509051005,
    2.3911158243815103,
    2.34609321753184,
    2.329147974650065,
    2.284619172414144,
    2.1951798796653748,
    2.2036348978678384,
    2.2040115197499595,
    2.1536969741185508,
    2.067861477533976,
    2.0802589654922485,
    2.0726975202560425,
    2.0971824328104653,
    2.030242681503296,
    2.0002026160558066,
    1.9566725293795268,
    2.0553650856018066,
    1.9089710513750713,
    1.9139285882314045,
    1.904493510723114,
    1.8668684164683025,
    1.9293742775917053,
    1.9437911907831829,
    1.9085065325101216,
    1.985619346300761,
    1.8542974988619487,
    1.858972191810608
  ],
  "val_recall@1": [
    55.64516129032258,
    58.87096774193549,
    60.61827956989247,
    64.65053763440861,
    65.59139784946237,
    68.27956989247312,
    69.48924731182797,
    72.84946236559139,
    72.98387096774194,
    73.9247311827957,
    73.65591397849462,
    75.80645161290323,
    74.32795698924731,
    76.74731182795699,
    75.13440860215054,
    75.53763440860214,
    74.73118279569893,
    77.82258064516128,
    76.34408602150538,
    74.59677419354838,
    78.09139784946237,
    75.80645161290323,
    76.34408602150538,
    78.36021505376344,
    77.01612903225806,
    78.09139784946237,
    77.55376344086021,
    78.89784946236558,
    79.03225806451613,
    79.43548387096774
  ],
  "lr": [
    0.0009990133642141358,
    0.000996057350657239,
    0.0009911436253643444,
    0.0009842915805643156,
    0.0009755282581475769,
    0.0009648882429441258,
    0.0009524135262330099,
    0.0009381533400219318,
    0.0009221639627510075,
    0.0009045084971874736,
    0.0008852566213878945,
    0.0008644843137107056,
    0.0008422735529643443,
    0.0008187119948743448,
    0.0007938926261462366,
    0.0007679133974894982,
    0.0007408768370508576,
    0.0007128896457825362,
    0.0006840622763423389,
    0.0006545084971874735,
    0.0006243449435824271,
    0.0005936906572928622,
    0.000562666616782152,
    0.0005313952597646566,
    0.0004999999999999998,
    0.00046860474023534314,
    0.00043733338321784774,
    0.00040630934270713756,
    0.00037565505641757246,
    0.00034549150281252633
  ]
}