{
  "epoch": [
    1,
    2,
    3,
    4,
    5,
    6,
    7,
    8,
    9,
    10,
    11,
    12,
    13,
    14,
    15,
    16,
    17,
    18,
    19,
    20
  ],
  "train_loss": [
    35.99001716844963,
    30.68286965110085,
    27.26929352500222,
    23.668550549131453,
    20.53209379947547,
    17.718986395633582,
    15.825510371815074,
    13.709322611490885,
    12.215945157137783,
    11.065455870194869,
    10.074665503068404,
    8.773240811897047,
    7.965337204210686,
    7.694249326532537,
    6.793167316552364,
    5.840528278639822,
    5.544400417443478,
    5.0512662367387255,
    4.690831979115804,
    4.326534870899085
  ],
  "val_loss": [
    37.46282768249512,
    36.45871225992838,
    37.91315714518229,
    37.30804252624512,
    37.12602678934733,
    36.87969462076823,
    35.83953984578451,
    34.95814514160156,
    35.42740217844645,
    34.74698130289713,
    34.619361877441406,
    35.40270487467448,
    34.33421071370443,
    34.895222981770836,
    33.971055348714195,
    34.07946968078613,
    34.36775016784668,
    34.75582631429037,
    34.694417317708336,
    34.58129628499349
  ],
  "val_recall@1": [
    12.634408602150538,
    15.86021505376344,
    20.56451612903226,
    24.596774193548388,
    25.0,
    25.940860215053764,
    28.49462365591398,
    31.048387096774192,
    29.56989247311828,
    30.77956989247312,
    29.435483870967744,
    29.301075268817208,
    31.989247311827956,
    32.526881720430104,
    34.946236559139784,
    33.87096774193548,
    33.60215053763441,
    32.39247311827957,
    32.795698924731184,
    35.08064516129033
  ],
  "lr": [
    0.0009990133642141358,
    0.000996057350657239,
    0.0009911436253643444,
    0.0009842915805643156,
    0.0009755282581475769,
    0.0009648882429441258,
    0.0009524135262330099,
    0.0009381533400219318,
    0.0009221639627510075,
    0.0009045084971874736,
    0.0008852566213878945,
    0.0008644843137107056,
    0.0008422735529643443,
    0.0008187119948743448,
    0.0007938926261462366,
    0.0007679133974894982,
    0.0007408768370508576,
    0.0007128896457825362,
    0.0006840622763423389,
    0.0006545084971874735
  ]
}